Nama,Harga,Alamat
Lankeleisi Sepeda Elektrik MTB Smart Moped XINCHI 48V 10.4AH - T8,9401100,Jakarta Barat
STOUT Frame Sepeda CR7 Alloy Fork Carbon 700c U Brake Road Bike Cycling,4700000,Jakarta Selatan
Sepeda Keseimbangan Srider Balance Bike Push Bike Kick Bike Kickbike - Merah,169990,Jakarta Barat
Xiaomi QiCycle EC1 Sepeda Listrik Smart Bike Moped 20 Inch - TDP02Z,6842000,Jakarta Barat
Noris 2.8 up grade - sepeda lipat,8000000,Cilegon
Sepeda City Bike 26 Pacific OFO Alloy Mini Classic Commuter Vintage Wanita Cewek Ibu CTB Mini Murah Awet Allumunium,2600000,Yogyakarta
Sepeda Lipat Avand Re Arm X,2550000,Jakarta Barat
Kunci Gembok Sepeda Anti Maling Lock 002,13700,Jakarta Barat
Sepeda Lipat Second Sepeda Lipat Bekas Normal Exotic Pasific United,695000,Kab. Bekasi
SEPEDA MINI 12 ERMINIO EVA GIRL Ban busa tidak pompa  UNTUK ANAK perempuan 2 sampai 4 TAHUN,390000,Kab. Tangerang
Genio Sweep FX Sepeda Hybrid 700c,3710000,Bekasi
Sepeda Gunung MTB 26 inch Cassini T300 T 300 T-300,1250000,Tangerang
Sepeda Lipat 16 Folding Odessy Ritz DISCBRAKE 7 Speed,1300000,Kab. Bogor
Sepeda  Lipat 20 Odessy Ritz Boncengan,1600000,Kab. Bogor
Front Block Syte Sepeda Lipat Alloy,68502,Bandung
Stiker Sepeda Reflective Tape Adhesive MTB Bike 800 x 1 cm - MT800,10800,Jakarta Barat
Robot Adapter Charger for Baterai Sepeda Listrik 48V 2A,81900,Jakarta Barat
Balance Bike Plus Sepeda Keseimbangan Anak 12 Inch - ABES-06,2007100,Jakarta Barat
Sepeda Listrik Lipat Folding Bike Smart Deluxe 48V 10.4Ah,36111100,Jakarta Barat
Sepeda Keseimbangan Anak Training Bicycle for Kids ABES-06,902500,Jakarta Barat
Sepeda Anak 12 16 18 inch BMX Foster 5505 Ban Pompa,425000,Karawang
Standar Parkir Samping Sepeda Bicycle Kickstand 30.5-36cm - H12,23700,Jakarta Barat
Sepeda Anak BMX 16 inch Centrum CT8625 2.50 Fatbike CT 8625,600000,Tangerang
Sepeda Lipat 20 Inch New Phoenix 6652 (3x7) Free Helm,1100000,Karawang
Sepeda anak Roda 3 stenlis dorongan alas kaki & jagaan,360000,Depok
fender sepeda touring hybrid 700 c 32 - 40 c 26 27.5 adjustable chromoplastic - selebor sepeda touring - spakbor - mtb commuter vintage classic murah,175000,Yogyakarta
Sepeda Gunung MTB 26 dan 27 inch Atlantis 730 735 Diskbrake 21 speed,1372500,Jakarta Barat
Rockbros bel sepeda electric bicycle electric bell horn cb1709 original klason,39000,Jakarta Barat
Sepeda Anak RODA TIGA AVIATOR 7711 / 7705 / 315-7 / 306-7sepeda stroller fitur MUSIK - kursi 2 arah - tongkat setir - kanopy FREE,439000,Kab. Tangerang
Pompa Ban Pompa Sepeda Pompa Motor Pompa Bola Pompa Tangan UNITED PM 8800,80000,Tasikmalaya
Robot Power Adapter Charger Baterai Sepeda Listrik 67.2V 2A - 60V2A,111700,Jakarta Barat
Xiaomi QiCycle EF1 Sepeda Listrik Lipat Moped Smart Bike China Version,9122000,Jakarta Barat
Sepeda Listrik Lipat Folding Bike Elite Version 48V 10.4Ah,34055800,Jakarta Barat
Sepeda Lipat Element Ecosmo 10 Speed LIMITED EDITION SUMPAH PEMUDA,5850000,Depok
SEPEDA LIPAT FNHON STORM FRANCE EDITION DISCBRAKE,7500000,Bandung
PEDOK UNITED - PEDOK SEPEDA UNITED - PADDOCK UNITED - STANDAR LIPAT - STANDAR LIPAT UNITED - PEDDOCK UNITED,54000,Jakarta Timur
Sepeda MTB 27.5 United Monanza 4.0 Alloy,2700000,Kab. Bogor
Sepeda Anak Laki BMX Ukuran 12 16 18 Inch RUBICK KIDS SWIFT,493950,Jakarta Barat
Sepeda anak ukuran 16 mini. Sepeda anak usia 4-5 tahun. Sepeda anak cewek. Sepeda anak murah. sepeda mini,575000,Depok
sepeda balance bike merk aviator seri 7901 ban mati atau ban Eva ukuran 12in,220000,Jakarta Selatan
POMPA SEPEDA PACIFIC SP-J806-POMPA PACIFIC TABUNG METERAN,72000,Jakarta Timur
sepeda bmx senator 18.,800000,Jakarta Timur
Cooltech 3.0 Sepeda Listrik murah dari Exotic Pabrikan Pacific Bike Bukan Goda Selis Uwinfly Dragonfly GD Monkey,4350000,Jakarta Barat
Specialized Air lock Tire sealant untuk cairan ban tubeless sepeda,43500,Depok
Groza MX Sepeda Listrik Exotic Croza dari Pacific Bike Removable Battery 500 watt Ebike Selis Bukan Goda Nimbuzz Uwinfly Cooltech,4350000,Jakarta Barat
SEPEDA ROAD BIKE LOOK 695 LIGHT...FULL CARBON ...JARANG ADA,37500000,Bandung
Sepeda Lipat Ecosmo Z9 Save The Earth Special Edition Spec Mantap Bonus Helm RMB Ready Stock,13100000,Depok
Element Sepeda Lipat FoldX X9 Andalas 9 Speed Grey  FREE Helm Random,11400000,Depok
Element Sepeda Lipat 20 Inchi FoldX Lite Damn  I Love Indonesia Limited Edition New Design,15350000,Depok
Sepeda Federal Bob Cat MG20 uk.19.5 seri awal no. SN,3500000,Jakarta Utara
Lankeleisi Sepeda Elektrik MTB Smart Moped XINCHI 48V 10.4AH - T8,9401100,Jakarta Barat
STOUT Frame Sepeda CR7 Alloy Fork Carbon 700c U Brake Road Bike Cycling,4700000,Jakarta Selatan
Sepeda Keseimbangan Srider Balance Bike Push Bike Kick Bike Kickbike - Merah,169990,Jakarta Barat
Xiaomi QiCycle EC1 Sepeda Listrik Smart Bike Moped 20 Inch - TDP02Z,6842000,Jakarta Barat
Noris 2.8 up grade - sepeda lipat,8000000,Cilegon
Sepeda City Bike 26 Pacific OFO Alloy Mini Classic Commuter Vintage Wanita Cewek Ibu CTB Mini Murah Awet Allumunium,2600000,Yogyakarta
Sepeda Lipat Avand Re Arm X,2550000,Jakarta Barat
Kunci Gembok Sepeda Anti Maling Lock 002,13700,Jakarta Barat
Sepeda Lipat Second Sepeda Lipat Bekas Normal Exotic Pasific United,695000,Kab. Bekasi
SEPEDA MINI 12 ERMINIO EVA GIRL Ban busa tidak pompa  UNTUK ANAK perempuan 2 sampai 4 TAHUN,390000,Kab. Tangerang
Genio Sweep FX Sepeda Hybrid 700c,3710000,Bekasi
Sepeda Gunung MTB 26 inch Cassini T300 T 300 T-300,1250000,Tangerang
Sepeda Lipat 16 Folding Odessy Ritz DISCBRAKE 7 Speed,1300000,Kab. Bogor
Sepeda  Lipat 20 Odessy Ritz Boncengan,1600000,Kab. Bogor
Front Block Syte Sepeda Lipat Alloy,68502,Bandung
Stiker Sepeda Reflective Tape Adhesive MTB Bike 800 x 1 cm - MT800,10800,Jakarta Barat
Robot Adapter Charger for Baterai Sepeda Listrik 48V 2A,81900,Jakarta Barat
Balance Bike Plus Sepeda Keseimbangan Anak 12 Inch - ABES-06,2007100,Jakarta Barat
Sepeda Listrik Lipat Folding Bike Smart Deluxe 48V 10.4Ah,36111100,Jakarta Barat
Sepeda Keseimbangan Anak Training Bicycle for Kids ABES-06,902500,Jakarta Barat
Sepeda Anak 12 16 18 inch BMX Foster 5505 Ban Pompa,425000,Karawang
Standar Parkir Samping Sepeda Bicycle Kickstand 30.5-36cm - H12,23700,Jakarta Barat
Sepeda Anak BMX 16 inch Centrum CT8625 2.50 Fatbike CT 8625,600000,Tangerang
Sepeda Lipat 20 Inch New Phoenix 6652 (3x7) Free Helm,1100000,Karawang
Sepeda anak Roda 3 stenlis dorongan alas kaki & jagaan,360000,Depok
fender sepeda touring hybrid 700 c 32 - 40 c 26 27.5 adjustable chromoplastic - selebor sepeda touring - spakbor - mtb commuter vintage classic murah,175000,Yogyakarta
Sepeda Gunung MTB 26 dan 27 inch Atlantis 730 735 Diskbrake 21 speed,1372500,Jakarta Barat
Rockbros bel sepeda electric bicycle electric bell horn cb1709 original klason,39000,Jakarta Barat
Sepeda Anak RODA TIGA AVIATOR 7711 / 7705 / 315-7 / 306-7sepeda stroller fitur MUSIK - kursi 2 arah - tongkat setir - kanopy FREE,439000,Kab. Tangerang
Pompa Ban Pompa Sepeda Pompa Motor Pompa Bola Pompa Tangan UNITED PM 8800,80000,Tasikmalaya
Robot Power Adapter Charger Baterai Sepeda Listrik 67.2V 2A - 60V2A,111700,Jakarta Barat
Xiaomi QiCycle EF1 Sepeda Listrik Lipat Moped Smart Bike China Version,9122000,Jakarta Barat
Sepeda Listrik Lipat Folding Bike Elite Version 48V 10.4Ah,34055800,Jakarta Barat
Sepeda Lipat Element Ecosmo 10 Speed LIMITED EDITION SUMPAH PEMUDA,5850000,Depok
SEPEDA LIPAT FNHON STORM FRANCE EDITION DISCBRAKE,7500000,Bandung
PEDOK UNITED - PEDOK SEPEDA UNITED - PADDOCK UNITED - STANDAR LIPAT - STANDAR LIPAT UNITED - PEDDOCK UNITED,54000,Jakarta Timur
Sepeda MTB 27.5 United Monanza 4.0 Alloy,2700000,Kab. Bogor
Sepeda Anak Laki BMX Ukuran 12 16 18 Inch RUBICK KIDS SWIFT,493950,Jakarta Barat
Sepeda anak ukuran 16 mini. Sepeda anak usia 4-5 tahun. Sepeda anak cewek. Sepeda anak murah. sepeda mini,575000,Depok
sepeda balance bike merk aviator seri 7901 ban mati atau ban Eva ukuran 12in,220000,Jakarta Selatan
POMPA SEPEDA PACIFIC SP-J806-POMPA PACIFIC TABUNG METERAN,72000,Jakarta Timur
sepeda bmx senator 18.,800000,Jakarta Timur
Cooltech 3.0 Sepeda Listrik murah dari Exotic Pabrikan Pacific Bike Bukan Goda Selis Uwinfly Dragonfly GD Monkey,4350000,Jakarta Barat
Specialized Air lock Tire sealant untuk cairan ban tubeless sepeda,43500,Depok
Groza MX Sepeda Listrik Exotic Croza dari Pacific Bike Removable Battery 500 watt Ebike Selis Bukan Goda Nimbuzz Uwinfly Cooltech,4350000,Jakarta Barat
SEPEDA ROAD BIKE LOOK 695 LIGHT...FULL CARBON ...JARANG ADA,37500000,Bandung
Sepeda Lipat Ecosmo Z9 Save The Earth Special Edition Spec Mantap Bonus Helm RMB Ready Stock,13100000,Depok
Element Sepeda Lipat FoldX X9 Andalas 9 Speed Grey  FREE Helm Random,11400000,Depok
Element Sepeda Lipat 20 Inchi FoldX Lite Damn  I Love Indonesia Limited Edition New Design,15350000,Depok
